catalogueId,artist,title,statement,portfolioUrl,image_filename,notes
CV-SG-017,Nguyen Bao Tran,"Come to the Other Side, No. 9",,https://traan.cargo.site/,,DONE - portfolioUrl fixed in repo 2026-08-03
CV-HN-004..005,Ca Thi Cuc,Life in the Highlands,(see artistStatement in the 2 published entries),,life-in-the-highlands-7 / -21,DONE - published 2026-08-03
CV-HN-006..010,Mai Tran Ha Vy,Hanoi in Red,(see artistStatement in the 5 published entries),,hanoi-in-red-8 / -13 / -18 / -27 / -28,DONE - published 2026-08-03
CV-HN-011..014,Nguyen Minh Chau,Sense of Family Continuity,(see artistStatement in the 4 published entries),,sense-of-family-continuity-4 / -6 / -8 / -12,"DONE - published 2026-08-03. Working title drawn from her own reflection text, not an official project name - please confirm/replace if she has one"
CV-HN-015..018,Nguyen Minh Hanh,The Crimson Prayer,(see artistStatement in the 4 published entries),,the-crimson-prayer-15 / -29 / -30 / -31,DONE - published 2026-08-03
CV-HN-019,Pham Hanh Nguyen,Unseen Effort,(see artistStatement),,unseen-effort-18,"DONE - published 2026-08-03. Working title, not an official project name - please confirm/replace if she has one"
CV-HN-020..022,Tran Huong Giang,Ao Dai at Van Long Lagoon,(see artistStatement in the 3 published entries),,ao-dai-at-van-long-lagoon-2 / -10 / -12,DONE - published 2026-08-03
CV-HN-023..024,Ngo Bao Chau,Above and Below,(see artistStatement in the 2 published entries - drawn from her original folio PDF's ABOUT MY PROJECT and ENVIRONMENT sections),,above-and-below-1 / -3,"DONE - published 2026-08-03, from the b/w diptych set Bin supplied separately (student ID on that folder was s4035581, one digit off from s4035381 on her original folio - same person, flagging the mismatch)"
,hoang-lam-nhi / nguyen-minh-thu / do-thao-duyen / ngo-thi-phuong-mai,,,,,"Hanoi - Bin said not choosing these 4 for now, contact sheets still waiting in extracted/"
,Vuong Quang Minh (S4060453),,,,,"Hanoi - source PDF was only a consent cover sheet, no actual folio. Still need the real work from Bin."
,Le Gia Bao,Sidewalk Society,"""Sidewalk Society"" explores how Hanoi's sidewalks become shared living spaces, not only for movement but for eating, gathering, working, and connecting. Since my childhood home is in Hanoi's Old Quarter, I've always felt deeply connected to this way of life. Through scenes of food stalls, plastic stools, and small conversations, the project captures the communal spirit that shapes everyday life in Hanoi.",,,"Hanoi - joins batch already in progress, CV-HN-004 onward. Contact sheet: extracted/hanoi_le-gia-bao_CONTACTSHEET.jpg"
,Do Le Gia An,Childhood Reclaim,"Living in Saigon, where I get to meet with many city kids, I realized just how few actually got a childhood like mine, tied to the playground and naughty neighbour kids. Time took that away: houses were built, children grew up, and I lost contact with everyone I was close to. Just like the name of the project, I want to reclaim what I once had, and go on a hunt for my childhood amidst the cityscape.",,,"Saigon - backfills a previously link-only reroot artist, new catalogueId (CV-SG-018 onward). Contact sheet: extracted/saigon_do-le-gia-an_CONTACTSHEET.jpg"
,Mir Tran (Khiet Nghi Tran),The Liminal Self,"The Liminal Self is a portrait of a self in suspension, ""lung lung"" (neither here nor there), trying to remember what they are made of: body, memory, nostalgia, yearning, love, and place. In liminal space identity doesn't disappear all at once; it fades, becomes dim, becomes unknown. The self turns into a shadow that still moves, still feels, still searches for something solid to belong to.",,,"Saigon - backfills a previously link-only reroot artist, new catalogueId. Contact sheet: extracted/saigon_mir-tran_CONTACTSHEET.jpg"
CV-SG-022,Nguyen Quynh Huong,The Roots of Art,"This project explores the roots of art by reinterpreting Vietnamese lacquer painting through photography and digital collage, using raw photographs of nature, urban structures, and textures as visual material.",,the-roots-of-art,"DONE - published 2026-08-03. Title taken verbatim from her own repeated phrase 'the roots of art' in the doc, she never gave the piece a formal name - flag if she has one"
,Nguyen Thanh Van,how do you remember a person?,"I am an artist working with photography and installation, with a focus on time, memory, and cultural experience. This project began from the feeling of distance, not only the physical distance of studying away from home, but the distance created by time and the parts of my family I never fully knew. By photographing my grandparents in their own home, I stepped away from controlled aesthetics and allowed moments of vulnerability, awkwardness, laughter, and waiting to unfold.",,,"Saigon - new student, not in reroot roster, new catalogueId. Contact sheet: extracted/saigon_nguyen-thanh-van_CONTACTSHEET.jpg (75 candidates, mostly from a labeled 'Selected photos' page - browse for the real standouts)"
CV-SG-018..021,Tran Quoc Hao,The Bond,"The Bond is a documentary photography project about re (roots) and the reflection of my origins. The photographs were taken during a blessing ceremony called 'Cung An Vi' at my grandmother's house, held after my aunt, who had lived abroad for a long time, finally returned to settle down in Vietnam; the local religious community gathered to pray for my aunt's family's peace at a new place.",,the-bond-6 / -8 / -9 / -14,DONE - published 2026-08-03, all 4 of his picks used
,Ho Le Bao Nhi,This is my Cat,"A multiple-exposure photo series about the artist's cat, exploring coexistence, curiosity, and domestic rhythm. Individual images carry their own titles (e.g. The Chaos of Coexistence, Insatiable Curiosity, Symbiosis) - CURATOR-COMPOSED SUMMARY, not a quoted artist statement, please review/edit.",,,"Saigon - new student, new catalogueId. No single overall statement paragraph in her deck, only per-photo captions. Contact sheet: extracted/saigon_ho-le-bao-nhi_CONTACTSHEET.jpg"
,Chang Yu Wei,Bei Jing Li Xiang (Leaving Homeland to Strike Roots in New Soil),"A conceptual photography series built around the eight characters of the Chinese idiom 背井離鄉，落地生根 (leaving one's homeland to strike roots in new soil): Abandon, Well, Leave, Homeland, Settle, New land, Grow, Roots. Each character anchors one stage of the artist's own migration and re-rooting. CURATOR-COMPOSED SUMMARY, please review/edit.",,,"Saigon - new student, new catalogueId. Contact sheet: extracted/saigon_chang-yu-wei_CONTACTSHEET.jpg"
,Phan Nguyen Ngoc Tram,,,,,"Saigon - new student, new catalogueId. NO title/statement document found, only 10 raw JPGs - please supply title + statement. Contact sheet: extracted/saigon_phan-nguyen-ngoc-tram_CONTACTSHEET.jpg"
